{
    "document": "Form_3.jpg",
    "labels": [
        {
            "label": "Merchant",
            "key": null,
            "value": [
                {
                    "page": 1,
                    "text": "Hero",
                    "boundingBoxes": [
                        [
                            0.3658823529411765,
                            0.09409090909090909,
                            0.46352941176470586,
                            0.09272727272727273,
                            0.46294117647058824,
                            0.12090909090909091,
                            0.3652941176470588,
                            0.12090909090909091
                        ]
                    ]
                },
                {
                    "page": 1,
                    "text": "Limited",
                    "boundingBoxes": [
                        [
                            0.47705882352941176,
                            0.09272727272727273,
                            0.6323529411764706,
                            0.09181818181818181,
                            0.6323529411764706,
                            0.12090909090909091,
                            0.47705882352941176,
                            0.12090909090909091
                        ]
                    ]
                }
            ]
        },
        {
            "label": "PhoneNumber",
            "key": null,
            "value": [
                {
                    "page": 1,
                    "text": "555-348-6512",
                    "boundingBoxes": [
                        [
                            0.2164705882352941,
                            0.15954545454545455,
                            0.31176470588235294,
                            0.16,
                            0.31176470588235294,
                            0.17,
                            0.2164705882352941,
                            0.17181818181818181
                        ]
                    ]
                }
            ]
        },
        {
            "label": "Website",
            "key": null,
            "value": [
                {
                    "page": 1,
                    "text": "www.herolimited.com",
                    "boundingBoxes": [
                        [
                            0.1623529411764706,
                            0.17863636363636365,
                            0.3088235294117647,
                            0.17909090909090908,
                            0.3088235294117647,
                            0.19,
                            0.16176470588235295,
                            0.19045454545454546
                        ]
                    ]
                }
            ]
        },
        {
            "label": "DatedAs",
            "key": null,
            "value": [
                {
                    "page": 1,
                    "text": "02/10/2020",
                    "boundingBoxes": [
                        [
                            0.6870588235294117,
                            0.19090909090909092,
                            0.7747058823529411,
                            0.19045454545454546,
                            0.7747058823529411,
                            0.20454545454545456,
                            0.6864705882352942,
                            0.20454545454545456
                        ]
                    ]
                }
            ]
        },
        {
            "label": "Email",
            "key": null,
            "value": [
                {
                    "page": 1,
                    "text": "accounts@herolimited.com",
                    "boundingBoxes": [
                        [
                            0.0976470588235294,
                            0.22,
                            0.27941176470588236,
                            0.21818181818181817,
                            0.2788235294117647,
                            0.22863636363636364,
                            0.0976470588235294,
                            0.22863636363636364
                        ]
                    ]
                }
            ]
        },
        {
            "label": "PurchaseOrderNumber",
            "key": null,
            "value": [
                {
                    "page": 1,
                    "text": "9328424",
                    "boundingBoxes": [
                        [
                            0.7535294117647059,
                            0.20954545454545453,
                            0.8182352941176471,
                            0.21,
                            0.8182352941176471,
                            0.22181818181818183,
                            0.7535294117647059,
                            0.22272727272727272
                        ]
                    ]
                }
            ]
        },
        {
            "label": "VendorName",
            "key": null,
            "value": [
                {
                    "page": 1,
                    "text": "Tish",
                    "boundingBoxes": [
                        [
                            0.2088235294117647,
                            0.2772727272727273,
                            0.2376470588235294,
                            0.2772727272727273,
                            0.2376470588235294,
                            0.29045454545454547,
                            0.20823529411764705,
                            0.29045454545454547
                        ]
                    ]
                },
                {
                    "page": 1,
                    "text": "Williams",
                    "boundingBoxes": [
                        [
                            0.2411764705882353,
                            0.2772727272727273,
                            0.30470588235294116,
                            0.2768181818181818,
                            0.30470588235294116,
                            0.29,
                            0.2411764705882353,
                            0.29045454545454547
                        ]
                    ]
                }
            ]
        },
        {
            "label": "CompanyName",
            "key": null,
            "value": [
                {
                    "page": 1,
                    "text": "Tish's",
                    "boundingBoxes": [
                        [
                            0.2235294117647059,
                            0.29454545454545455,
                            0.2641176470588235,
                            0.29409090909090907,
                            0.2641176470588235,
                            0.30772727272727274,
                            0.2235294117647059,
                            0.30818181818181817
                        ]
                    ]
                },
                {
                    "page": 1,
                    "text": "Wishes",
                    "boundingBoxes": [
                        [
                            0.2676470588235294,
                            0.29409090909090907,
                            0.3205882352941177,
                            0.29409090909090907,
                            0.3211764705882353,
                            0.30636363636363634,
                            0.2676470588235294,
                            0.30727272727272725
                        ]
                    ]
                }
            ]
        },
        {
            "label": "CompanyAddress",
            "key": null,
            "value": [
                {
                    "page": 1,
                    "text": "932",
                    "boundingBoxes": [
                        [
                            0.1635294117647059,
                            0.31136363636363634,
                            0.19117647058823528,
                            0.31136363636363634,
                            0.19058823529411764,
                            0.3240909090909091,
                            0.16294117647058823,
                            0.3240909090909091
                        ]
                    ]
                },
                {
                    "page": 1,
                    "text": "N",
                    "boundingBoxes": [
                        [
                            0.19470588235294117,
                            0.31136363636363634,
                            0.20529411764705882,
                            0.31136363636363634,
                            0.20470588235294118,
                            0.3240909090909091,
                            0.19411764705882353,
                            0.3240909090909091
                        ]
                    ]
                },
                {
                    "page": 1,
                    "text": "Cantaloupe",
                    "boundingBoxes": [
                        [
                            0.20941176470588235,
                            0.31136363636363634,
                            0.29470588235294115,
                            0.31136363636363634,
                            0.29352941176470587,
                            0.3245454545454545,
                            0.2088235294117647,
                            0.3240909090909091
                        ]
                    ]
                },
                {
                    "page": 1,
                    "text": "Road",
                    "boundingBoxes": [
                        [
                            0.29764705882352943,
                            0.31136363636363634,
                            0.33588235294117647,
                            0.3109090909090909,
                            0.3347058823529412,
                            0.325,
                            0.29705882352941176,
                            0.3245454545454545
                        ]
                    ]
                },
                {
                    "page": 1,
                    "text": "Seattle,",
                    "boundingBoxes": [
                        [
                            0.1623529411764706,
                            0.3290909090909091,
                            0.21941176470588236,
                            0.3286363636363636,
                            0.21823529411764706,
                            0.34045454545454545,
                            0.16176470588235295,
                            0.34045454545454545
                        ]
                    ]
                },
                {
                    "page": 1,
                    "text": "WA",
                    "boundingBoxes": [
                        [
                            0.2223529411764706,
                            0.3286363636363636,
                            0.24764705882352941,
                            0.3281818181818182,
                            0.24705882352941178,
                            0.34045454545454545,
                            0.2211764705882353,
                            0.34045454545454545
                        ]
                    ]
                },
                {
                    "page": 1,
                    "text": "38383",
                    "boundingBoxes": [
                        [
                            0.25176470588235295,
                            0.3281818181818182,
                            0.29823529411764704,
                            0.3281818181818182,
                            0.29764705882352943,
                            0.34045454545454545,
                            0.2511764705882353,
                            0.34045454545454545
                        ]
                    ]
                }
            ]
        },
        {
            "label": "CompanyPhoneNumber",
            "key": null,
            "value": [
                {
                    "page": 1,
                    "text": "323-245-2943",
                    "boundingBoxes": [
                        [
                            0.5041176470588236,
                            0.3281818181818182,
                            0.6064705882352941,
                            0.3281818181818182,
                            0.6064705882352941,
                            0.34045454545454545,
                            0.5041176470588236,
                            0.34045454545454545
                        ]
                    ]
                }
            ]
        },
        {
            "label": "Quantity",
            "key": null,
            "value": [
                {
                    "page": 1,
                    "text": "20",
                    "boundingBoxes": [
                        [
                            0.5064705882352941,
                            0.4959090909090909,
                            0.5252941176470588,
                            0.495,
                            0.5264705882352941,
                            0.5081818181818182,
                            0.5076470588235295,
                            0.509090909090909
                        ]
                    ]
                }
            ]
        },
        {
            "label": "Subtotal",
            "key": null,
            "value": [
                {
                    "page": 1,
                    "text": "$400.00",
                    "boundingBoxes": [
                        [
                            0.84,
                            0.7140909090909091,
                            0.8994117647058824,
                            0.7136363636363636,
                            0.8994117647058824,
                            0.7268181818181818,
                            0.84,
                            0.7268181818181818
                        ]
                    ]
                }
            ]
        },
        {
            "label": "Tax",
            "key": null,
            "value": [
                {
                    "page": 1,
                    "text": "$14.00",
                    "boundingBoxes": [
                        [
                            0.8494117647058823,
                            0.7345454545454545,
                            0.9005882352941177,
                            0.7336363636363636,
                            0.9005882352941177,
                            0.7463636363636363,
                            0.85,
                            0.7468181818181818
                        ]
                    ]
                }
            ]
        },
        {
            "label": "Signature",
            "key": null,
            "value": [
                {
                    "page": 1,
                    "text": "Larry",
                    "boundingBoxes": [
                        [
                            0.26529411764705885,
                            0.76,
                            0.33705882352941174,
                            0.7595454545454545,
                            0.33705882352941174,
                            0.7795454545454545,
                            0.26529411764705885,
                            0.7777272727272727
                        ]
                    ]
                },
                {
                    "page": 1,
                    "text": "Longshore",
                    "boundingBoxes": [
                        [
                            0.3458823529411765,
                            0.7595454545454545,
                            0.4647058823529412,
                            0.7581818181818182,
                            0.4652941176470588,
                            0.7809090909090909,
                            0.34647058823529414,
                            0.7795454545454545
                        ]
                    ]
                }
            ]
        },
        {
            "label": "Total",
            "key": null,
            "value": [
                {
                    "page": 1,
                    "text": "$414.00",
                    "boundingBoxes": [
                        [
                            0.8411764705882353,
                            0.759090909090909,
                            0.8994117647058824,
                            0.7586363636363637,
                            0.9,
                            0.7709090909090909,
                            0.8405882352941176,
                            0.7713636363636364
                        ]
                    ]
                }
            ]
        }
    ]
}